Audit Note,Extra on Amazon PDP,Matches on Amazon PDP,Missing on Amazon PDP,PDP Images,PDP Images Count,PDP PageURL,PageASIN,QueryASIN,Status,VC Images,VC Images Count,VC PageURL
"Discrepancy: 5 matches, 1 missing from Amazon, 1 extra on Amazon.",MAIN (31gElQBXzJL),PT01 (41TJ0q9sa9L); PT02 (41Kt78oWhPL); PT03 (41lsUysnw6L); PT04 (41s-MH-xrdL); PT05 (51ojp6JXWYL),MAIN (31Kz8xXj04L),"[{""large"":""https://m.media-amazon.com/images/I/31gElQBXzJL.jpg"",""variant"":""MAIN""},{""large"":""https://m.media-amazon.com/images/I/41TJ0q9sa9L.jpg"",""variant"":""PT01""},{""large"":""https://m.media-amazon.com/images/I/41Kt78oWhPL.jpg"",""variant"":""PT02""},{""large"":""https://m.media-amazon.com/images/I/41lsUysnw6L.jpg"",""variant"":""PT03""},{""large"":""https://m.media-amazon.com/images/I/41s-MH-xrdL.jpg"",""variant"":""PT04""},{""large"":""https://m.media-amazon.com/images/I/51ojp6JXWYL.jpg"",""variant"":""PT05""}]",6,https://www.amazon.ca/dp/B00CPDWT2M,B00CPDWT2M,B00CPDWT2M,SUCCESS,"[{""large"":""https://m.media-amazon.com/images/I/31Kz8xXj04L.jpg"",""variant"":""MAIN""},{""large"":""https://m.media-amazon.com/images/I/41TJ0q9sa9L.jpg"",""variant"":""PT01""},{""large"":""https://m.media-amazon.com/images/I/41Kt78oWhPL.jpg"",""variant"":""PT02""},{""large"":""https://m.media-amazon.com/images/I/41lsUysnw6L.jpg"",""variant"":""PT03""},{""large"":""https://m.media-amazon.com/images/I/41s-MH-xrdL.jpg"",""variant"":""PT04""},{""large"":""https://m.media-amazon.com/images/I/51ojp6JXWYL.jpg"",""variant"":""PT05""}]",6,https://vendorcentral.amazon.com/imaging/manage?asins=B00CPDWT2M
"Discrepancy: 5 matches, 1 missing from Amazon, 1 extra on Amazon.",MAIN (31RFJ3sU48L),PT01 (41yGFZTu6fL); PT02 (41Kt78oWhPL); PT03 (41lsUysnw6L); PT04 (41s-MH-xrdL); PT05 (51ojp6JXWYL),MAIN (31byEOX7yUL),"[{""large"":""https://m.media-amazon.com/images/I/31RFJ3sU48L.jpg"",""variant"":""MAIN""},{""large"":""https://m.media-amazon.com/images/I/41yGFZTu6fL.jpg"",""variant"":""PT01""},{""large"":""https://m.media-amazon.com/images/I/41Kt78oWhPL.jpg"",""variant"":""PT02""},{""large"":""https://m.media-amazon.com/images/I/41lsUysnw6L.jpg"",""variant"":""PT03""},{""large"":""https://m.media-amazon.com/images/I/41s-MH-xrdL.jpg"",""variant"":""PT04""},{""large"":""https://m.media-amazon.com/images/I/51ojp6JXWYL.jpg"",""variant"":""PT05""}]",6,https://www.amazon.ca/dp/B00IK243R6,B00IK243R6,B00IK243R6,SUCCESS,"[{""large"":""https://m.media-amazon.com/images/I/31byEOX7yUL.jpg"",""variant"":""MAIN""},{""large"":""https://m.media-amazon.com/images/I/41yGFZTu6fL.jpg"",""variant"":""PT01""},{""large"":""https://m.media-amazon.com/images/I/41Kt78oWhPL.jpg"",""variant"":""PT02""},{""large"":""https://m.media-amazon.com/images/I/41lsUysnw6L.jpg"",""variant"":""PT03""},{""large"":""https://m.media-amazon.com/images/I/41s-MH-xrdL.jpg"",""variant"":""PT04""},{""large"":""https://m.media-amazon.com/images/I/51ojp6JXWYL.jpg"",""variant"":""PT05""}]",6,https://vendorcentral.amazon.com/imaging/manage?asins=B00IK243R6
Perfect Match: VC and PDP images are identical.,None,MAIN (31e0pN-eLYL); PT01 (41TJ0q9sa9L); PT02 (41Kt78oWhPL); PT03 (31nOfzj2NPL); PT04 (41s-MH-xrdL); PT05 (51ojp6JXWYL),None,"[{""large"":""https://m.media-amazon.com/images/I/31e0pN-eLYL.jpg"",""variant"":""MAIN""},{""large"":""https://m.media-amazon.com/images/I/41TJ0q9sa9L.jpg"",""variant"":""PT01""},{""large"":""https://m.media-amazon.com/images/I/41Kt78oWhPL.jpg"",""variant"":""PT02""},{""large"":""https://m.media-amazon.com/images/I/31nOfzj2NPL.jpg"",""variant"":""PT03""},{""large"":""https://m.media-amazon.com/images/I/41s-MH-xrdL.jpg"",""variant"":""PT04""},{""large"":""https://m.media-amazon.com/images/I/51ojp6JXWYL.jpg"",""variant"":""PT05""}]",6,https://www.amazon.ca/dp/B00MHZTKXY,B00MHZTKXY,B00MHZTKXY,SUCCESS,"[{""large"":""https://m.media-amazon.com/images/I/31e0pN-eLYL.jpg"",""variant"":""MAIN""},{""large"":""https://m.media-amazon.com/images/I/41TJ0q9sa9L.jpg"",""variant"":""PT01""},{""large"":""https://m.media-amazon.com/images/I/41Kt78oWhPL.jpg"",""variant"":""PT02""},{""large"":""https://m.media-amazon.com/images/I/31nOfzj2NPL.jpg"",""variant"":""PT03""},{""large"":""https://m.media-amazon.com/images/I/41s-MH-xrdL.jpg"",""variant"":""PT04""},{""large"":""https://m.media-amazon.com/images/I/51ojp6JXWYL.jpg"",""variant"":""PT05""}]",6,https://vendorcentral.amazon.com/imaging/manage?asins=B00MHZTKXY
"Discrepancy: 0 matches, 6 missing from Amazon, 6 extra on Amazon.",MAIN (31hY5-aMUaL); PT01 (41lDsOvPVWL); PT02 (41bpT33QoOL); PT03 (41x4eH9+e9L); PT04 (41Z67U2hwHL); PT05 (51a3v9SHXBL),None,MAIN (31vxXEvWwwL); PT01 (41yGFZTu6fL); PT02 (41Kt78oWhPL); PT03 (31nOfzj2NPL); PT04 (41s-MH-xrdL); PT05 (51ojp6JXWYL),"[{""large"":""https://m.media-amazon.com/images/I/31hY5-aMUaL.jpg"",""variant"":""MAIN""},{""large"":""https://m.media-amazon.com/images/I/41lDsOvPVWL.jpg"",""variant"":""PT01""},{""large"":""https://m.media-amazon.com/images/I/41bpT33QoOL.jpg"",""variant"":""PT02""},{""large"":""https://m.media-amazon.com/images/I/41x4eH9+e9L.jpg"",""variant"":""PT03""},{""large"":""https://m.media-amazon.com/images/I/41Z67U2hwHL.jpg"",""variant"":""PT04""},{""large"":""https://m.media-amazon.com/images/I/51a3v9SHXBL.jpg"",""variant"":""PT05""}]",6,https://www.amazon.ca/dp/B00MI5BXOM,B00MI5BXOM,B00MI5BXOM,SUCCESS,"[{""large"":""https://m.media-amazon.com/images/I/31vxXEvWwwL.jpg"",""variant"":""MAIN""},{""large"":""https://m.media-amazon.com/images/I/41yGFZTu6fL.jpg"",""variant"":""PT01""},{""large"":""https://m.media-amazon.com/images/I/41Kt78oWhPL.jpg"",""variant"":""PT02""},{""large"":""https://m.media-amazon.com/images/I/31nOfzj2NPL.jpg"",""variant"":""PT03""},{""large"":""https://m.media-amazon.com/images/I/41s-MH-xrdL.jpg"",""variant"":""PT04""},{""large"":""https://m.media-amazon.com/images/I/51ojp6JXWYL.jpg"",""variant"":""PT05""}]",6,https://vendorcentral.amazon.com/imaging/manage?asins=B00MI5BXOM
"Discrepancy: 5 matches, 1 missing from Amazon, 1 extra on Amazon.",MAIN (31n97Q6LS1L),PT01 (41yFnFF6eIL); PT02 (41Kt78oWhPL); PT03 (41lsUysnw6L); PT04 (41s-MH-xrdL); PT05 (51ojp6JXWYL),MAIN (31qRFnlSgrL),"[{""large"":""https://m.media-amazon.com/images/I/31n97Q6LS1L.jpg"",""variant"":""MAIN""},{""large"":""https://m.media-amazon.com/images/I/41yFnFF6eIL.jpg"",""variant"":""PT01""},{""large"":""https://m.media-amazon.com/images/I/41Kt78oWhPL.jpg"",""variant"":""PT02""},{""large"":""https://m.media-amazon.com/images/I/41lsUysnw6L.jpg"",""variant"":""PT03""},{""large"":""https://m.media-amazon.com/images/I/41s-MH-xrdL.jpg"",""variant"":""PT04""},{""large"":""https://m.media-amazon.com/images/I/51ojp6JXWYL.jpg"",""variant"":""PT05""}]",6,https://www.amazon.ca/dp/B00O690E5W,B00O690E5W,B00O690E5W,SUCCESS,"[{""large"":""https://m.media-amazon.com/images/I/31qRFnlSgrL.jpg"",""variant"":""MAIN""},{""large"":""https://m.media-amazon.com/images/I/41yFnFF6eIL.jpg"",""variant"":""PT01""},{""large"":""https://m.media-amazon.com/images/I/41Kt78oWhPL.jpg"",""variant"":""PT02""},{""large"":""https://m.media-amazon.com/images/I/41lsUysnw6L.jpg"",""variant"":""PT03""},{""large"":""https://m.media-amazon.com/images/I/41s-MH-xrdL.jpg"",""variant"":""PT04""},{""large"":""https://m.media-amazon.com/images/I/51ojp6JXWYL.jpg"",""variant"":""PT05""}]",6,https://vendorcentral.amazon.com/imaging/manage?asins=B00O690E5W
"Discrepancy: 5 matches, 1 missing from Amazon, 1 extra on Amazon.",MAIN (31Dn6BdPagL),PT01 (41yFnFF6eIL); PT02 (41Kt78oWhPL); PT03 (31nOfzj2NPL); PT04 (41s-MH-xrdL); PT05 (51ojp6JXWYL),MAIN (319GkS5xvZL),"[{""large"":""https://m.media-amazon.com/images/I/31Dn6BdPagL.jpg"",""variant"":""MAIN""},{""large"":""https://m.media-amazon.com/images/I/41yFnFF6eIL.jpg"",""variant"":""PT01""},{""large"":""https://m.media-amazon.com/images/I/41Kt78oWhPL.jpg"",""variant"":""PT02""},{""large"":""https://m.media-amazon.com/images/I/31nOfzj2NPL.jpg"",""variant"":""PT03""},{""large"":""https://m.media-amazon.com/images/I/41s-MH-xrdL.jpg"",""variant"":""PT04""},{""large"":""https://m.media-amazon.com/images/I/51ojp6JXWYL.jpg"",""variant"":""PT05""}]",6,https://www.amazon.ca/dp/B00O69O6X8,B00O69O6X8,B00O69O6X8,SUCCESS,"[{""large"":""https://m.media-amazon.com/images/I/319GkS5xvZL.jpg"",""variant"":""MAIN""},{""large"":""https://m.media-amazon.com/images/I/41yFnFF6eIL.jpg"",""variant"":""PT01""},{""large"":""https://m.media-amazon.com/images/I/41Kt78oWhPL.jpg"",""variant"":""PT02""},{""large"":""https://m.media-amazon.com/images/I/31nOfzj2NPL.jpg"",""variant"":""PT03""},{""large"":""https://m.media-amazon.com/images/I/41s-MH-xrdL.jpg"",""variant"":""PT04""},{""large"":""https://m.media-amazon.com/images/I/51ojp6JXWYL.jpg"",""variant"":""PT05""}]",6,https://vendorcentral.amazon.com/imaging/manage?asins=B00O69O6X8
"Discrepancy: 0 matches, 0 missing from Amazon, 6 extra on Amazon.",MAIN (418givhcuwL); PT01 (51HN8RxY8IL); PT02 (51zL4ezOOfL); PT03 (417nChTHiCL); PT04 (41iixnqZ7FL); PT05 (51N8WQkY98L),None,None,"[{""large"":""https://m.media-amazon.com/images/I/418givhcuwL.jpg"",""variant"":""MAIN""},{""large"":""https://m.media-amazon.com/images/I/51HN8RxY8IL.jpg"",""variant"":""PT01""},{""large"":""https://m.media-amazon.com/images/I/51zL4ezOOfL.jpg"",""variant"":""PT02""},{""large"":""https://m.media-amazon.com/images/I/417nChTHiCL.jpg"",""variant"":""PT03""},{""large"":""https://m.media-amazon.com/images/I/41iixnqZ7FL.jpg"",""variant"":""PT04""},{""large"":""https://m.media-amazon.com/images/I/51N8WQkY98L.jpg"",""variant"":""PT05""}]",6,https://www.amazon.ca/dp/B014JXJ2S4,B014JXJ2S4,B014JXJ2S4,SUCCESS,[],,https://vendorcentral.amazon.com/imaging/manage?asins=B014JXJ2S4
"Discrepancy: 4 matches, 2 missing from Amazon, 2 extra on Amazon.",MAIN (31oUWuIxskL); PT02 (41cGjtJOeHL),PT01 (41TJ0q9sa9L); PT03 (41yoPwRvmIL); PT04 (41s-MH-xrdL); PT05 (51ojp6JXWYL),MAIN (31sQOB7cs6L); PT02 (41Kt78oWhPL),"[{""large"":""https://m.media-amazon.com/images/I/31oUWuIxskL.jpg"",""variant"":""MAIN""},{""large"":""https://m.media-amazon.com/images/I/41TJ0q9sa9L.jpg"",""variant"":""PT01""},{""large"":""https://m.media-amazon.com/images/I/41cGjtJOeHL.jpg"",""variant"":""PT02""},{""large"":""https://m.media-amazon.com/images/I/41yoPwRvmIL.jpg"",""variant"":""PT03""},{""large"":""https://m.media-amazon.com/images/I/41s-MH-xrdL.jpg"",""variant"":""PT04""},{""large"":""https://m.media-amazon.com/images/I/51ojp6JXWYL.jpg"",""variant"":""PT05""}]",6,https://www.amazon.ca/dp/B014JY9E9U,B014JY9E9U,B014JY9E9U,SUCCESS,"[{""large"":""https://m.media-amazon.com/images/I/31sQOB7cs6L.jpg"",""variant"":""MAIN""},{""large"":""https://m.media-amazon.com/images/I/41TJ0q9sa9L.jpg"",""variant"":""PT01""},{""large"":""https://m.media-amazon.com/images/I/41Kt78oWhPL.jpg"",""variant"":""PT02""},{""large"":""https://m.media-amazon.com/images/I/41yoPwRvmIL.jpg"",""variant"":""PT03""},{""large"":""https://m.media-amazon.com/images/I/41s-MH-xrdL.jpg"",""variant"":""PT04""},{""large"":""https://m.media-amazon.com/images/I/51ojp6JXWYL.jpg"",""variant"":""PT05""}]",6,https://vendorcentral.amazon.com/imaging/manage?asins=B014JY9E9U
"Discrepancy: 0 matches, 0 missing from Amazon, 6 extra on Amazon.",MAIN (41T9U22xIML); PT01 (41ph8s-7WpL); PT02 (51zL4ezOOfL); PT03 (417nChTHiCL); PT04 (41iixnqZ7FL); PT05 (51N8WQkY98L),None,None,"[{""large"":""https://m.media-amazon.com/images/I/41T9U22xIML.jpg"",""variant"":""MAIN""},{""large"":""https://m.media-amazon.com/images/I/41ph8s-7WpL.jpg"",""variant"":""PT01""},{""large"":""https://m.media-amazon.com/images/I/51zL4ezOOfL.jpg"",""variant"":""PT02""},{""large"":""https://m.media-amazon.com/images/I/417nChTHiCL.jpg"",""variant"":""PT03""},{""large"":""https://m.media-amazon.com/images/I/41iixnqZ7FL.jpg"",""variant"":""PT04""},{""large"":""https://m.media-amazon.com/images/I/51N8WQkY98L.jpg"",""variant"":""PT05""}]",6,https://www.amazon.ca/dp/B01725LZHC,B01725LZHC,B01725LZHC,SUCCESS,[],,https://vendorcentral.amazon.com/imaging/manage?asins=B01725LZHC
"Discrepancy: 0 matches, 0 missing from Amazon, 6 extra on Amazon.",MAIN (4140hXK1qRL); PT01 (41juYHOJAdL); PT02 (51zL4ezOOfL); PT03 (417nChTHiCL); PT04 (41iixnqZ7FL); PT05 (51N8WQkY98L),None,None,"[{""large"":""https://m.media-amazon.com/images/I/4140hXK1qRL.jpg"",""variant"":""MAIN""},{""large"":""https://m.media-amazon.com/images/I/41juYHOJAdL.jpg"",""variant"":""PT01""},{""large"":""https://m.media-amazon.com/images/I/51zL4ezOOfL.jpg"",""variant"":""PT02""},{""large"":""https://m.media-amazon.com/images/I/417nChTHiCL.jpg"",""variant"":""PT03""},{""large"":""https://m.media-amazon.com/images/I/41iixnqZ7FL.jpg"",""variant"":""PT04""},{""large"":""https://m.media-amazon.com/images/I/51N8WQkY98L.jpg"",""variant"":""PT05""}]",6,https://www.amazon.ca/dp/B01725U0QE,B01725U0QE,B01725U0QE,SUCCESS,[],,https://vendorcentral.amazon.com/imaging/manage?asins=B01725U0QE
"Discrepancy: 5 matches, 1 missing from Amazon, 1 extra on Amazon.",MAIN (316S9lARhrL),PT01 (41yGFZTu6fL); PT02 (41Kt78oWhPL); PT03 (41yoPwRvmIL); PT04 (41s-MH-xrdL); PT05 (51ojp6JXWYL),MAIN (31WpeS5UpsL),"[{""large"":""https://m.media-amazon.com/images/I/316S9lARhrL.jpg"",""variant"":""MAIN""},{""large"":""https://m.media-amazon.com/images/I/41yGFZTu6fL.jpg"",""variant"":""PT01""},{""large"":""https://m.media-amazon.com/images/I/41Kt78oWhPL.jpg"",""variant"":""PT02""},{""large"":""https://m.media-amazon.com/images/I/41yoPwRvmIL.jpg"",""variant"":""PT03""},{""large"":""https://m.media-amazon.com/images/I/41s-MH-xrdL.jpg"",""variant"":""PT04""},{""large"":""https://m.media-amazon.com/images/I/51ojp6JXWYL.jpg"",""variant"":""PT05""}]",6,https://www.amazon.ca/dp/B01727IGFY,B01727IGFY,B01727IGFY,SUCCESS,"[{""large"":""https://m.media-amazon.com/images/I/31WpeS5UpsL.jpg"",""variant"":""MAIN""},{""large"":""https://m.media-amazon.com/images/I/41yGFZTu6fL.jpg"",""variant"":""PT01""},{""large"":""https://m.media-amazon.com/images/I/41Kt78oWhPL.jpg"",""variant"":""PT02""},{""large"":""https://m.media-amazon.com/images/I/41yoPwRvmIL.jpg"",""variant"":""PT03""},{""large"":""https://m.media-amazon.com/images/I/41s-MH-xrdL.jpg"",""variant"":""PT04""},{""large"":""https://m.media-amazon.com/images/I/51ojp6JXWYL.jpg"",""variant"":""PT05""}]",6,https://vendorcentral.amazon.com/imaging/manage?asins=B01727IGFY
Perfect Match: VC and PDP images are identical.,None,MAIN (313P5UyIh1L); PT01 (41yFnFF6eIL); PT02 (41Kt78oWhPL); PT03 (41yoPwRvmIL); PT04 (41s-MH-xrdL); PT05 (51ojp6JXWYL),None,"[{""large"":""https://m.media-amazon.com/images/I/313P5UyIh1L.jpg"",""variant"":""MAIN""},{""large"":""https://m.media-amazon.com/images/I/41yFnFF6eIL.jpg"",""variant"":""PT01""},{""large"":""https://m.media-amazon.com/images/I/41Kt78oWhPL.jpg"",""variant"":""PT02""},{""large"":""https://m.media-amazon.com/images/I/41yoPwRvmIL.jpg"",""variant"":""PT03""},{""large"":""https://m.media-amazon.com/images/I/41s-MH-xrdL.jpg"",""variant"":""PT04""},{""large"":""https://m.media-amazon.com/images/I/51ojp6JXWYL.jpg"",""variant"":""PT05""}]",6,https://www.amazon.ca/dp/B01727R0MO,B01727R0MO,B01727R0MO,SUCCESS,"[{""large"":""https://m.media-amazon.com/images/I/313P5UyIh1L.jpg"",""variant"":""MAIN""},{""large"":""https://m.media-amazon.com/images/I/41yFnFF6eIL.jpg"",""variant"":""PT01""},{""large"":""https://m.media-amazon.com/images/I/41Kt78oWhPL.jpg"",""variant"":""PT02""},{""large"":""https://m.media-amazon.com/images/I/41yoPwRvmIL.jpg"",""variant"":""PT03""},{""large"":""https://m.media-amazon.com/images/I/41s-MH-xrdL.jpg"",""variant"":""PT04""},{""large"":""https://m.media-amazon.com/images/I/51ojp6JXWYL.jpg"",""variant"":""PT05""}]",6,https://vendorcentral.amazon.com/imaging/manage?asins=B01727R0MO
"Discrepancy: 0 matches, 0 missing from Amazon, 6 extra on Amazon.",MAIN (411zimOP-LL); PT01 (41juYHOJAdL); PT02 (51zL4ezOOfL); PT03 (412iEwEJs+L); PT04 (41iixnqZ7FL); PT05 (51N8WQkY98L),None,None,"[{""large"":""https://m.media-amazon.com/images/I/411zimOP-LL.jpg"",""variant"":""MAIN""},{""large"":""https://m.media-amazon.com/images/I/41juYHOJAdL.jpg"",""variant"":""PT01""},{""large"":""https://m.media-amazon.com/images/I/51zL4ezOOfL.jpg"",""variant"":""PT02""},{""large"":""https://m.media-amazon.com/images/I/412iEwEJs+L.jpg"",""variant"":""PT03""},{""large"":""https://m.media-amazon.com/images/I/41iixnqZ7FL.jpg"",""variant"":""PT04""},{""large"":""https://m.media-amazon.com/images/I/51N8WQkY98L.jpg"",""variant"":""PT05""}]",6,https://www.amazon.ca/dp/B01FK3EAYI,B01FK3EAYI,B01FK3EAYI,SUCCESS,[],,https://vendorcentral.amazon.com/imaging/manage?asins=B01FK3EAYI
"Discrepancy: 0 matches, 0 missing from Amazon, 6 extra on Amazon.",MAIN (41eqWnJfV+L); PT01 (41ph8s-7WpL); PT02 (51zL4ezOOfL); PT03 (412iEwEJs+L); PT04 (41iixnqZ7FL); PT05 (51N8WQkY98L),None,None,"[{""large"":""https://m.media-amazon.com/images/I/41eqWnJfV+L.jpg"",""variant"":""MAIN""},{""large"":""https://m.media-amazon.com/images/I/41ph8s-7WpL.jpg"",""variant"":""PT01""},{""large"":""https://m.media-amazon.com/images/I/51zL4ezOOfL.jpg"",""variant"":""PT02""},{""large"":""https://m.media-amazon.com/images/I/412iEwEJs+L.jpg"",""variant"":""PT03""},{""large"":""https://m.media-amazon.com/images/I/41iixnqZ7FL.jpg"",""variant"":""PT04""},{""large"":""https://m.media-amazon.com/images/I/51N8WQkY98L.jpg"",""variant"":""PT05""}]",6,https://www.amazon.ca/dp/B01FK3EB5Q,B01FK3EB5Q,B01FK3EB5Q,SUCCESS,[],,https://vendorcentral.amazon.com/imaging/manage?asins=B01FK3EB5Q
"Discrepancy: 5 matches, 1 missing from Amazon, 1 extra on Amazon.",MAIN (41YFh3Nj3RL),PT01 (51AUbHRv00L); PT02 (51cn9ycY7HL); PT03 (412iEwEJs+L); PT04 (41sWr5RthIL); PT05 (51N8WQkY98L),MAIN (41Gbv34m4OL),"[{""large"":""https://m.media-amazon.com/images/I/41YFh3Nj3RL.jpg"",""variant"":""MAIN""},{""large"":""https://m.media-amazon.com/images/I/51AUbHRv00L.jpg"",""variant"":""PT01""},{""large"":""https://m.media-amazon.com/images/I/51cn9ycY7HL.jpg"",""variant"":""PT02""},{""large"":""https://m.media-amazon.com/images/I/412iEwEJs+L.jpg"",""variant"":""PT03""},{""large"":""https://m.media-amazon.com/images/I/41sWr5RthIL.jpg"",""variant"":""PT04""},{""large"":""https://m.media-amazon.com/images/I/51N8WQkY98L.jpg"",""variant"":""PT05""}]",6,https://www.amazon.ca/dp/B01FK3EBHO,B01FK3EBHO,B01FK3EBHO,SUCCESS,"[{""large"":""https://m.media-amazon.com/images/I/41Gbv34m4OL.jpg"",""variant"":""MAIN""},{""large"":""https://m.media-amazon.com/images/I/51AUbHRv00L.jpg"",""variant"":""PT01""},{""large"":""https://m.media-amazon.com/images/I/51cn9ycY7HL.jpg"",""variant"":""PT02""},{""large"":""https://m.media-amazon.com/images/I/412iEwEJs+L.jpg"",""variant"":""PT03""},{""large"":""https://m.media-amazon.com/images/I/41sWr5RthIL.jpg"",""variant"":""PT04""},{""large"":""https://m.media-amazon.com/images/I/51N8WQkY98L.jpg"",""variant"":""PT05""}]",6,https://vendorcentral.amazon.com/imaging/manage?asins=B01FK3EBHO
"Discrepancy: 0 matches, 0 missing from Amazon, 6 extra on Amazon.",MAIN (31-zuLhL+YL); PT01 (41-uiIYqwOL); PT02 (41Ry92A82fL); PT03 (312mr2lS5VL); PT04 (41oFHvC8M3L); PT05 (41j6gUTD1AL),None,None,"[{""large"":""https://m.media-amazon.com/images/I/31-zuLhL+YL.jpg"",""variant"":""MAIN""},{""large"":""https://m.media-amazon.com/images/I/41-uiIYqwOL.jpg"",""variant"":""PT01""},{""large"":""https://m.media-amazon.com/images/I/41Ry92A82fL.jpg"",""variant"":""PT02""},{""large"":""https://m.media-amazon.com/images/I/312mr2lS5VL.jpg"",""variant"":""PT03""},{""large"":""https://m.media-amazon.com/images/I/41oFHvC8M3L.jpg"",""variant"":""PT04""},{""large"":""https://m.media-amazon.com/images/I/41j6gUTD1AL.jpg"",""variant"":""PT05""}]",6,https://www.amazon.ca/dp/B071JQ8HJK,B071JQ8HJK,B071JQ8HJK,SUCCESS,[],,https://vendorcentral.amazon.com/imaging/manage?asins=B071JQ8HJK
"Discrepancy: 0 matches, 0 missing from Amazon, 6 extra on Amazon.",MAIN (31a+2nq1U6L); PT01 (4149l3kijOL); PT02 (41VcfP7ozpL); PT03 (313qdmZjV+L); PT04 (41M5aesqY8L); PT05 (41j6gUTD1AL),None,None,"[{""large"":""https://m.media-amazon.com/images/I/31a+2nq1U6L.jpg"",""variant"":""MAIN""},{""large"":""https://m.media-amazon.com/images/I/4149l3kijOL.jpg"",""variant"":""PT01""},{""large"":""https://m.media-amazon.com/images/I/41VcfP7ozpL.jpg"",""variant"":""PT02""},{""large"":""https://m.media-amazon.com/images/I/313qdmZjV+L.jpg"",""variant"":""PT03""},{""large"":""https://m.media-amazon.com/images/I/41M5aesqY8L.jpg"",""variant"":""PT04""},{""large"":""https://m.media-amazon.com/images/I/41j6gUTD1AL.jpg"",""variant"":""PT05""}]",6,https://www.amazon.ca/dp/B075ZGCSD9,B075ZGCSD9,B075ZGCSD9,SUCCESS,[],,https://vendorcentral.amazon.com/imaging/manage?asins=B075ZGCSD9
"Discrepancy: 0 matches, 0 missing from Amazon, 6 extra on Amazon.",MAIN (41kgiiZYQmL); PT01 (4149l3kijOL); PT02 (41VcfP7ozpL); PT03 (3153e+o0O3L); PT04 (41M5aesqY8L); PT05 (41j6gUTD1AL),None,None,"[{""large"":""https://m.media-amazon.com/images/I/41kgiiZYQmL.jpg"",""variant"":""MAIN""},{""large"":""https://m.media-amazon.com/images/I/4149l3kijOL.jpg"",""variant"":""PT01""},{""large"":""https://m.media-amazon.com/images/I/41VcfP7ozpL.jpg"",""variant"":""PT02""},{""large"":""https://m.media-amazon.com/images/I/3153e+o0O3L.jpg"",""variant"":""PT03""},{""large"":""https://m.media-amazon.com/images/I/41M5aesqY8L.jpg"",""variant"":""PT04""},{""large"":""https://m.media-amazon.com/images/I/41j6gUTD1AL.jpg"",""variant"":""PT05""}]",6,https://www.amazon.ca/dp/B07C4JT4R9,B07C4JT4R9,B07C4JT4R9,SUCCESS,[],,https://vendorcentral.amazon.com/imaging/manage?asins=B07C4JT4R9
"Discrepancy: 0 matches, 0 missing from Amazon, 6 extra on Amazon.",MAIN (41Fxd6V5XyL); PT01 (41juYHOJAdL); PT02 (51zL4ezOOfL); PT03 (41RFvpO6p-L); PT04 (41iixnqZ7FL); PT05 (51N8WQkY98L),None,None,"[{""large"":""https://m.media-amazon.com/images/I/41Fxd6V5XyL.jpg"",""variant"":""MAIN""},{""large"":""https://m.media-amazon.com/images/I/41juYHOJAdL.jpg"",""variant"":""PT01""},{""large"":""https://m.media-amazon.com/images/I/51zL4ezOOfL.jpg"",""variant"":""PT02""},{""large"":""https://m.media-amazon.com/images/I/41RFvpO6p-L.jpg"",""variant"":""PT03""},{""large"":""https://m.media-amazon.com/images/I/41iixnqZ7FL.jpg"",""variant"":""PT04""},{""large"":""https://m.media-amazon.com/images/I/51N8WQkY98L.jpg"",""variant"":""PT05""}]",6,https://www.amazon.ca/dp/B07C55LYKR,B07C55LYKR,B07C55LYKR,SUCCESS,[],,https://vendorcentral.amazon.com/imaging/manage?asins=B07C55LYKR
"Discrepancy: 0 matches, 0 missing from Amazon, 6 extra on Amazon.",MAIN (414vfOmsu9L); PT01 (51EM2AYnBcL); PT02 (51zL4ezOOfL); PT03 (41RFvpO6p-L); PT04 (41iixnqZ7FL); PT05 (51N8WQkY98L),None,None,"[{""large"":""https://m.media-amazon.com/images/I/414vfOmsu9L.jpg"",""variant"":""MAIN""},{""large"":""https://m.media-amazon.com/images/I/51EM2AYnBcL.jpg"",""variant"":""PT01""},{""large"":""https://m.media-amazon.com/images/I/51zL4ezOOfL.jpg"",""variant"":""PT02""},{""large"":""https://m.media-amazon.com/images/I/41RFvpO6p-L.jpg"",""variant"":""PT03""},{""large"":""https://m.media-amazon.com/images/I/41iixnqZ7FL.jpg"",""variant"":""PT04""},{""large"":""https://m.media-amazon.com/images/I/51N8WQkY98L.jpg"",""variant"":""PT05""}]",6,https://www.amazon.ca/dp/B07C584K4Y,B07C584K4Y,B07C584K4Y,SUCCESS,[],,https://vendorcentral.amazon.com/imaging/manage?asins=B07C584K4Y
"Discrepancy: 0 matches, 0 missing from Amazon, 6 extra on Amazon.",MAIN (41TSa5gff8L); PT01 (41ph8s-7WpL); PT02 (51zL4ezOOfL); PT03 (41RFvpO6p-L); PT04 (41iixnqZ7FL); PT05 (51N8WQkY98L),None,None,"[{""large"":""https://m.media-amazon.com/images/I/41TSa5gff8L.jpg"",""variant"":""MAIN""},{""large"":""https://m.media-amazon.com/images/I/41ph8s-7WpL.jpg"",""variant"":""PT01""},{""large"":""https://m.media-amazon.com/images/I/51zL4ezOOfL.jpg"",""variant"":""PT02""},{""large"":""https://m.media-amazon.com/images/I/41RFvpO6p-L.jpg"",""variant"":""PT03""},{""large"":""https://m.media-amazon.com/images/I/41iixnqZ7FL.jpg"",""variant"":""PT04""},{""large"":""https://m.media-amazon.com/images/I/51N8WQkY98L.jpg"",""variant"":""PT05""}]",6,https://www.amazon.ca/dp/B07CQNMXN1,B07CQNMXN1,B07CQNMXN1,SUCCESS,[],,https://vendorcentral.amazon.com/imaging/manage?asins=B07CQNMXN1
"Discrepancy: 4 matches, 2 missing from Amazon, 2 extra on Amazon.",MAIN (41neHNOcBuL); PT02 (41tDwKX-HYL),PT01 (51Znyph5OEL); PT03 (41-tIENJwNL); PT04 (41zbFIAc2bL); PT05 (51GYMV84vDL),MAIN (41xQu2KRMjL); PT02 (41tc-WQ1GIL),"[{""large"":""https://m.media-amazon.com/images/I/41neHNOcBuL.jpg"",""variant"":""MAIN""},{""large"":""https://m.media-amazon.com/images/I/51Znyph5OEL.jpg"",""variant"":""PT01""},{""large"":""https://m.media-amazon.com/images/I/41tDwKX-HYL.jpg"",""variant"":""PT02""},{""large"":""https://m.media-amazon.com/images/I/41-tIENJwNL.jpg"",""variant"":""PT03""},{""large"":""https://m.media-amazon.com/images/I/41zbFIAc2bL.jpg"",""variant"":""PT04""},{""large"":""https://m.media-amazon.com/images/I/51GYMV84vDL.jpg"",""variant"":""PT05""}]",6,https://www.amazon.ca/dp/B07F6SCXCV,B07F6SCXCV,B07F6SCXCV,SUCCESS,"[{""large"":""https://m.media-amazon.com/images/I/41xQu2KRMjL.jpg"",""variant"":""MAIN""},{""large"":""https://m.media-amazon.com/images/I/51Znyph5OEL.jpg"",""variant"":""PT01""},{""large"":""https://m.media-amazon.com/images/I/41tc-WQ1GIL.jpg"",""variant"":""PT02""},{""large"":""https://m.media-amazon.com/images/I/41-tIENJwNL.jpg"",""variant"":""PT03""},{""large"":""https://m.media-amazon.com/images/I/41zbFIAc2bL.jpg"",""variant"":""PT04""},{""large"":""https://m.media-amazon.com/images/I/51GYMV84vDL.jpg"",""variant"":""PT05""}]",6,https://vendorcentral.amazon.com/imaging/manage?asins=B07F6SCXCV
"Discrepancy: 4 matches, 2 missing from Amazon, 2 extra on Amazon.",MAIN (41drbISl52L); PT02 (41tDwKX-HYL),PT01 (51Znyph5OEL); PT03 (41hQISuM4cL); PT04 (41zbFIAc2bL); PT05 (51GYMV84vDL),MAIN (41P9BmD9SsL); PT02 (41tc-WQ1GIL),"[{""large"":""https://m.media-amazon.com/images/I/41drbISl52L.jpg"",""variant"":""MAIN""},{""large"":""https://m.media-amazon.com/images/I/51Znyph5OEL.jpg"",""variant"":""PT01""},{""large"":""https://m.media-amazon.com/images/I/41tDwKX-HYL.jpg"",""variant"":""PT02""},{""large"":""https://m.media-amazon.com/images/I/41hQISuM4cL.jpg"",""variant"":""PT03""},{""large"":""https://m.media-amazon.com/images/I/41zbFIAc2bL.jpg"",""variant"":""PT04""},{""large"":""https://m.media-amazon.com/images/I/51GYMV84vDL.jpg"",""variant"":""PT05""}]",6,https://www.amazon.ca/dp/B07F6VB2KW,B07F6VB2KW,B07F6VB2KW,SUCCESS,"[{""large"":""https://m.media-amazon.com/images/I/41P9BmD9SsL.jpg"",""variant"":""MAIN""},{""large"":""https://m.media-amazon.com/images/I/51Znyph5OEL.jpg"",""variant"":""PT01""},{""large"":""https://m.media-amazon.com/images/I/41tc-WQ1GIL.jpg"",""variant"":""PT02""},{""large"":""https://m.media-amazon.com/images/I/41hQISuM4cL.jpg"",""variant"":""PT03""},{""large"":""https://m.media-amazon.com/images/I/41zbFIAc2bL.jpg"",""variant"":""PT04""},{""large"":""https://m.media-amazon.com/images/I/51GYMV84vDL.jpg"",""variant"":""PT05""}]",6,https://vendorcentral.amazon.com/imaging/manage?asins=B07F6VB2KW
"Discrepancy: 5 matches, 1 missing from Amazon, 1 extra on Amazon.",MAIN (41UE8p8TPhL),PT01 (51Znyph5OEL); PT02 (41tc-WQ1GIL); PT03 (41AkiL4tmWL); PT04 (41zbFIAc2bL); PT05 (51GYMV84vDL),MAIN (41ZOSzkvy0L),"[{""large"":""https://m.media-amazon.com/images/I/41UE8p8TPhL.jpg"",""variant"":""MAIN""},{""large"":""https://m.media-amazon.com/images/I/51Znyph5OEL.jpg"",""variant"":""PT01""},{""large"":""https://m.media-amazon.com/images/I/41tc-WQ1GIL.jpg"",""variant"":""PT02""},{""large"":""https://m.media-amazon.com/images/I/41AkiL4tmWL.jpg"",""variant"":""PT03""},{""large"":""https://m.media-amazon.com/images/I/41zbFIAc2bL.jpg"",""variant"":""PT04""},{""large"":""https://m.media-amazon.com/images/I/51GYMV84vDL.jpg"",""variant"":""PT05""}]",6,https://www.amazon.ca/dp/B07F6WYYJ5,B07F6WYYJ5,B07F6WYYJ5,SUCCESS,"[{""large"":""https://m.media-amazon.com/images/I/41ZOSzkvy0L.jpg"",""variant"":""MAIN""},{""large"":""https://m.media-amazon.com/images/I/51Znyph5OEL.jpg"",""variant"":""PT01""},{""large"":""https://m.media-amazon.com/images/I/41tc-WQ1GIL.jpg"",""variant"":""PT02""},{""large"":""https://m.media-amazon.com/images/I/41AkiL4tmWL.jpg"",""variant"":""PT03""},{""large"":""https://m.media-amazon.com/images/I/41zbFIAc2bL.jpg"",""variant"":""PT04""},{""large"":""https://m.media-amazon.com/images/I/51GYMV84vDL.jpg"",""variant"":""PT05""}]",6,https://vendorcentral.amazon.com/imaging/manage?asins=B07F6WYYJ5
"Discrepancy: 0 matches, 0 missing from Amazon, 6 extra on Amazon.",MAIN (518n-QfO24L); PT01 (41vf6JOpCbL); PT02 (41Eb6w1f6qL); PT03 (31KWVquFU2L); PT04 (31BjXFZpPzL); PT05 (41q5n-nGZDL),None,None,"[{""large"":""https://m.media-amazon.com/images/I/518n-QfO24L.jpg"",""variant"":""MAIN""},{""large"":""https://m.media-amazon.com/images/I/41vf6JOpCbL.jpg"",""variant"":""PT01""},{""large"":""https://m.media-amazon.com/images/I/41Eb6w1f6qL.jpg"",""variant"":""PT02""},{""large"":""https://m.media-amazon.com/images/I/31KWVquFU2L.jpg"",""variant"":""PT03""},{""large"":""https://m.media-amazon.com/images/I/31BjXFZpPzL.jpg"",""variant"":""PT04""},{""large"":""https://m.media-amazon.com/images/I/41q5n-nGZDL.jpg"",""variant"":""PT05""}]",6,https://www.amazon.ca/dp/B07R4PXC7B,B07R4PXC7B,B07R4PXC7B,SUCCESS,[],,https://vendorcentral.amazon.com/imaging/manage?asins=B07R4PXC7B
"Discrepancy: 0 matches, 0 missing from Amazon, 6 extra on Amazon.",MAIN (51pTOvGAoSL); PT01 (418Dc4sBaRL); PT02 (41GU1Fl+XHL); PT03 (31ynGLeIl8L); PT04 (41ufTAEQJBL); PT05 (51exMkt9v3L),None,None,"[{""large"":""https://m.media-amazon.com/images/I/51pTOvGAoSL.jpg"",""variant"":""MAIN""},{""large"":""https://m.media-amazon.com/images/I/418Dc4sBaRL.jpg"",""variant"":""PT01""},{""large"":""https://m.media-amazon.com/images/I/41GU1Fl+XHL.jpg"",""variant"":""PT02""},{""large"":""https://m.media-amazon.com/images/I/31ynGLeIl8L.jpg"",""variant"":""PT03""},{""large"":""https://m.media-amazon.com/images/I/41ufTAEQJBL.jpg"",""variant"":""PT04""},{""large"":""https://m.media-amazon.com/images/I/51exMkt9v3L.jpg"",""variant"":""PT05""}]",6,https://www.amazon.ca/dp/B07RBR1Y83,B07RBR1Y83,B07RBR1Y83,SUCCESS,[],,https://vendorcentral.amazon.com/imaging/manage?asins=B07RBR1Y83
"Discrepancy: 5 matches, 1 missing from Amazon, 1 extra on Amazon.",MAIN (31BGPXWD2ZL),PT01 (41MkrHsNOhL); PT02 (41tc-WQ1GIL); PT03 (41hQISuM4cL); PT04 (41yVbkBmrJL); PT05 (51GYMV84vDL),MAIN (41fyNOLfE7L),"[{""large"":""https://m.media-amazon.com/images/I/31BGPXWD2ZL.jpg"",""variant"":""MAIN""},{""large"":""https://m.media-amazon.com/images/I/41MkrHsNOhL.jpg"",""variant"":""PT01""},{""large"":""https://m.media-amazon.com/images/I/41tc-WQ1GIL.jpg"",""variant"":""PT02""},{""large"":""https://m.media-amazon.com/images/I/41hQISuM4cL.jpg"",""variant"":""PT03""},{""large"":""https://m.media-amazon.com/images/I/41yVbkBmrJL.jpg"",""variant"":""PT04""},{""large"":""https://m.media-amazon.com/images/I/51GYMV84vDL.jpg"",""variant"":""PT05""}]",6,https://www.amazon.ca/dp/B07RHQMVKH,B07RHQMVKH,B07RHQMVKH,SUCCESS,"[{""large"":""https://m.media-amazon.com/images/I/41fyNOLfE7L.jpg"",""variant"":""MAIN""},{""large"":""https://m.media-amazon.com/images/I/41MkrHsNOhL.jpg"",""variant"":""PT01""},{""large"":""https://m.media-amazon.com/images/I/41tc-WQ1GIL.jpg"",""variant"":""PT02""},{""large"":""https://m.media-amazon.com/images/I/41hQISuM4cL.jpg"",""variant"":""PT03""},{""large"":""https://m.media-amazon.com/images/I/41yVbkBmrJL.jpg"",""variant"":""PT04""},{""large"":""https://m.media-amazon.com/images/I/51GYMV84vDL.jpg"",""variant"":""PT05""}]",6,https://vendorcentral.amazon.com/imaging/manage?asins=B07RHQMVKH
"Discrepancy: 5 matches, 1 missing from Amazon, 1 extra on Amazon.",MAIN (31AXzutu3eL),PT01 (41MkrHsNOhL); PT02 (41tc-WQ1GIL); PT03 (41AkiL4tmWL); PT04 (41yVbkBmrJL); PT05 (51GYMV84vDL),MAIN (41iN78fMAAL),"[{""large"":""https://m.media-amazon.com/images/I/31AXzutu3eL.jpg"",""variant"":""MAIN""},{""large"":""https://m.media-amazon.com/images/I/41MkrHsNOhL.jpg"",""variant"":""PT01""},{""large"":""https://m.media-amazon.com/images/I/41tc-WQ1GIL.jpg"",""variant"":""PT02""},{""large"":""https://m.media-amazon.com/images/I/41AkiL4tmWL.jpg"",""variant"":""PT03""},{""large"":""https://m.media-amazon.com/images/I/41yVbkBmrJL.jpg"",""variant"":""PT04""},{""large"":""https://m.media-amazon.com/images/I/51GYMV84vDL.jpg"",""variant"":""PT05""}]",6,https://www.amazon.ca/dp/B07RHQNQK9,B07RHQNQK9,B07RHQNQK9,SUCCESS,"[{""large"":""https://m.media-amazon.com/images/I/41iN78fMAAL.jpg"",""variant"":""MAIN""},{""large"":""https://m.media-amazon.com/images/I/41MkrHsNOhL.jpg"",""variant"":""PT01""},{""large"":""https://m.media-amazon.com/images/I/41tc-WQ1GIL.jpg"",""variant"":""PT02""},{""large"":""https://m.media-amazon.com/images/I/41AkiL4tmWL.jpg"",""variant"":""PT03""},{""large"":""https://m.media-amazon.com/images/I/41yVbkBmrJL.jpg"",""variant"":""PT04""},{""large"":""https://m.media-amazon.com/images/I/51GYMV84vDL.jpg"",""variant"":""PT05""}]",6,https://vendorcentral.amazon.com/imaging/manage?asins=B07RHQNQK9
"Discrepancy: 0 matches, 0 missing from Amazon, 6 extra on Amazon.",MAIN (31T2ZUTjL-L); PT01 (41CwCJhRAyL); PT02 (41jKLxdJbPL); PT03 (41q2mFJf1AL); PT04 (41pH8jvnYbL); PT05 (51xjqHQ5WTL),None,None,"[{""large"":""https://m.media-amazon.com/images/I/31T2ZUTjL-L.jpg"",""variant"":""MAIN""},{""large"":""https://m.media-amazon.com/images/I/41CwCJhRAyL.jpg"",""variant"":""PT01""},{""large"":""https://m.media-amazon.com/images/I/41jKLxdJbPL.jpg"",""variant"":""PT02""},{""large"":""https://m.media-amazon.com/images/I/41q2mFJf1AL.jpg"",""variant"":""PT03""},{""large"":""https://m.media-amazon.com/images/I/41pH8jvnYbL.jpg"",""variant"":""PT04""},{""large"":""https://m.media-amazon.com/images/I/51xjqHQ5WTL.jpg"",""variant"":""PT05""}]",6,https://www.amazon.ca/dp/B07X8YJC19,B07X8YJC19,B07X8YJC19,SUCCESS,[],,https://vendorcentral.amazon.com/imaging/manage?asins=B07X8YJC19
"Discrepancy: 0 matches, 0 missing from Amazon, 6 extra on Amazon.",MAIN (31xdF2SrlqL); PT01 (41CwCJhRAyL); PT02 (41jKLxdJbPL); PT03 (413TFSax23L); PT04 (41pH8jvnYbL); PT05 (51xjqHQ5WTL),None,None,"[{""large"":""https://m.media-amazon.com/images/I/31xdF2SrlqL.jpg"",""variant"":""MAIN""},{""large"":""https://m.media-amazon.com/images/I/41CwCJhRAyL.jpg"",""variant"":""PT01""},{""large"":""https://m.media-amazon.com/images/I/41jKLxdJbPL.jpg"",""variant"":""PT02""},{""large"":""https://m.media-amazon.com/images/I/413TFSax23L.jpg"",""variant"":""PT03""},{""large"":""https://m.media-amazon.com/images/I/41pH8jvnYbL.jpg"",""variant"":""PT04""},{""large"":""https://m.media-amazon.com/images/I/51xjqHQ5WTL.jpg"",""variant"":""PT05""}]",6,https://www.amazon.ca/dp/B07XD4M51J,B07XD4M51J,B07XD4M51J,SUCCESS,[],,https://vendorcentral.amazon.com/imaging/manage?asins=B07XD4M51J
"Discrepancy: 0 matches, 0 missing from Amazon, 6 extra on Amazon.",MAIN (318w6cqU06L); PT01 (41CwCJhRAyL); PT02 (41jKLxdJbPL); PT03 (41yGFZiCEOL); PT04 (41pH8jvnYbL); PT05 (51xjqHQ5WTL),None,None,"[{""large"":""https://m.media-amazon.com/images/I/318w6cqU06L.jpg"",""variant"":""MAIN""},{""large"":""https://m.media-amazon.com/images/I/41CwCJhRAyL.jpg"",""variant"":""PT01""},{""large"":""https://m.media-amazon.com/images/I/41jKLxdJbPL.jpg"",""variant"":""PT02""},{""large"":""https://m.media-amazon.com/images/I/41yGFZiCEOL.jpg"",""variant"":""PT03""},{""large"":""https://m.media-amazon.com/images/I/41pH8jvnYbL.jpg"",""variant"":""PT04""},{""large"":""https://m.media-amazon.com/images/I/51xjqHQ5WTL.jpg"",""variant"":""PT05""}]",6,https://www.amazon.ca/dp/B07XF7CHPC,B07XF7CHPC,B07XF7CHPC,SUCCESS,[],,https://vendorcentral.amazon.com/imaging/manage?asins=B07XF7CHPC
Perfect Match: VC and PDP images are identical.,None,MAIN (31fCHFy2kWL); PT01 (41TJ0q9sa9L); PT02 (41Kt78oWhPL); PT03 (41RQ4rZwbsL); PT04 (41s-MH-xrdL); PT05 (51ojp6JXWYL),None,"[{""large"":""https://m.media-amazon.com/images/I/31fCHFy2kWL.jpg"",""variant"":""MAIN""},{""large"":""https://m.media-amazon.com/images/I/41TJ0q9sa9L.jpg"",""variant"":""PT01""},{""large"":""https://m.media-amazon.com/images/I/41Kt78oWhPL.jpg"",""variant"":""PT02""},{""large"":""https://m.media-amazon.com/images/I/41RQ4rZwbsL.jpg"",""variant"":""PT03""},{""large"":""https://m.media-amazon.com/images/I/41s-MH-xrdL.jpg"",""variant"":""PT04""},{""large"":""https://m.media-amazon.com/images/I/51ojp6JXWYL.jpg"",""variant"":""PT05""}]",6,https://www.amazon.ca/dp/B07YM1ZT2T,B07YM1ZT2T,B07YM1ZT2T,SUCCESS,"[{""large"":""https://m.media-amazon.com/images/I/31fCHFy2kWL.jpg"",""variant"":""MAIN""},{""large"":""https://m.media-amazon.com/images/I/41TJ0q9sa9L.jpg"",""variant"":""PT01""},{""large"":""https://m.media-amazon.com/images/I/41Kt78oWhPL.jpg"",""variant"":""PT02""},{""large"":""https://m.media-amazon.com/images/I/41RQ4rZwbsL.jpg"",""variant"":""PT03""},{""large"":""https://m.media-amazon.com/images/I/41s-MH-xrdL.jpg"",""variant"":""PT04""},{""large"":""https://m.media-amazon.com/images/I/51ojp6JXWYL.jpg"",""variant"":""PT05""}]",6,https://vendorcentral.amazon.com/imaging/manage?asins=B07YM1ZT2T
"Discrepancy: 5 matches, 1 missing from Amazon, 1 extra on Amazon.",MAIN (41t-RRAkleL),PT01 (41WKzQtWqxL); PT02 (41aiM9H5jtL); PT03 (31shc8aNpcL); PT04 (31Fq23h28HL); PT05 (51ZRXvzYelL),MAIN (51j0GmfkWAL),"[{""large"":""https://m.media-amazon.com/images/I/41t-RRAkleL.jpg"",""variant"":""MAIN""},{""large"":""https://m.media-amazon.com/images/I/41WKzQtWqxL.jpg"",""variant"":""PT01""},{""large"":""https://m.media-amazon.com/images/I/41aiM9H5jtL.jpg"",""variant"":""PT02""},{""large"":""https://m.media-amazon.com/images/I/31shc8aNpcL.jpg"",""variant"":""PT03""},{""large"":""https://m.media-amazon.com/images/I/31Fq23h28HL.jpg"",""variant"":""PT04""},{""large"":""https://m.media-amazon.com/images/I/51ZRXvzYelL.jpg"",""variant"":""PT05""}]",6,https://www.amazon.ca/dp/B07YM3SFH6,B07YM3SFH6,B07YM3SFH6,SUCCESS,"[{""large"":""https://m.media-amazon.com/images/I/51j0GmfkWAL.jpg"",""variant"":""MAIN""},{""large"":""https://m.media-amazon.com/images/I/41WKzQtWqxL.jpg"",""variant"":""PT01""},{""large"":""https://m.media-amazon.com/images/I/41aiM9H5jtL.jpg"",""variant"":""PT02""},{""large"":""https://m.media-amazon.com/images/I/31shc8aNpcL.jpg"",""variant"":""PT03""},{""large"":""https://m.media-amazon.com/images/I/31Fq23h28HL.jpg"",""variant"":""PT04""},{""large"":""https://m.media-amazon.com/images/I/51ZRXvzYelL.jpg"",""variant"":""PT05""}]",6,https://vendorcentral.amazon.com/imaging/manage?asins=B07YM3SFH6
"Discrepancy: 0 matches, 0 missing from Amazon, 6 extra on Amazon.",MAIN (31+h3weaNsL); PT01 (41WKzQtWqxL); PT02 (41vnZ7Iz7CL); PT03 (41LXvbXuBkL); PT04 (31Fq23h28HL); PT05 (41SG9s45iqL),None,None,"[{""large"":""https://m.media-amazon.com/images/I/31+h3weaNsL.jpg"",""variant"":""MAIN""},{""large"":""https://m.media-amazon.com/images/I/41WKzQtWqxL.jpg"",""variant"":""PT01""},{""large"":""https://m.media-amazon.com/images/I/41vnZ7Iz7CL.jpg"",""variant"":""PT02""},{""large"":""https://m.media-amazon.com/images/I/41LXvbXuBkL.jpg"",""variant"":""PT03""},{""large"":""https://m.media-amazon.com/images/I/31Fq23h28HL.jpg"",""variant"":""PT04""},{""large"":""https://m.media-amazon.com/images/I/41SG9s45iqL.jpg"",""variant"":""PT05""}]",6,https://www.amazon.ca/dp/B07YM3WK54,B07YM3WK54,B07YM3WK54,SUCCESS,[],,https://vendorcentral.amazon.com/imaging/manage?asins=B07YM3WK54
"Discrepancy: 0 matches, 6 missing from Amazon, 6 extra on Amazon.",MAIN (51EY5tH1jJL); PT01 (51jTtF+6bvL); PT02 (51qPVn7GUaL); PT03 (31mOqw4zDKL); PT04 (41mSmne2lXL); PT05 (51VO52HsmWL),None,MAIN (51-Na1ZQOEL); PT01 (51Mpp9kGuTL); PT02 (51uzsW2af6L); PT03 (31WYI3nTcxL); PT04 (41WwUz9nfbL); PT05 (51Lad+F7a0L),"[{""large"":""https://m.media-amazon.com/images/I/51EY5tH1jJL.jpg"",""variant"":""MAIN""},{""large"":""https://m.media-amazon.com/images/I/51jTtF+6bvL.jpg"",""variant"":""PT01""},{""large"":""https://m.media-amazon.com/images/I/51qPVn7GUaL.jpg"",""variant"":""PT02""},{""large"":""https://m.media-amazon.com/images/I/31mOqw4zDKL.jpg"",""variant"":""PT03""},{""large"":""https://m.media-amazon.com/images/I/41mSmne2lXL.jpg"",""variant"":""PT04""},{""large"":""https://m.media-amazon.com/images/I/51VO52HsmWL.jpg"",""variant"":""PT05""}]",6,https://www.amazon.ca/dp/B07YM3XSZV,B07YM3XSZV,B07YM3XSZV,SUCCESS,"[{""large"":""https://m.media-amazon.com/images/I/51-Na1ZQOEL.jpg"",""variant"":""MAIN""},{""large"":""https://m.media-amazon.com/images/I/51Mpp9kGuTL.jpg"",""variant"":""PT01""},{""large"":""https://m.media-amazon.com/images/I/51uzsW2af6L.jpg"",""variant"":""PT02""},{""large"":""https://m.media-amazon.com/images/I/31WYI3nTcxL.jpg"",""variant"":""PT03""},{""large"":""https://m.media-amazon.com/images/I/41WwUz9nfbL.jpg"",""variant"":""PT04""},{""large"":""https://m.media-amazon.com/images/I/51Lad+F7a0L.jpg"",""variant"":""PT05""}]",6,https://vendorcentral.amazon.com/imaging/manage?asins=B07YM3XSZV
"Discrepancy: 0 matches, 0 missing from Amazon, 6 extra on Amazon.",MAIN (31gHaLHLHfL); PT01 (41o9GRmh3KL); PT02 (41m0gYtgI4L); PT03 (41uu6bsMjUL); PT04 (311-UvcCJbL); PT05 (41JsLGiO4gL),None,None,"[{""large"":""https://m.media-amazon.com/images/I/31gHaLHLHfL.jpg"",""variant"":""MAIN""},{""large"":""https://m.media-amazon.com/images/I/41o9GRmh3KL.jpg"",""variant"":""PT01""},{""large"":""https://m.media-amazon.com/images/I/41m0gYtgI4L.jpg"",""variant"":""PT02""},{""large"":""https://m.media-amazon.com/images/I/41uu6bsMjUL.jpg"",""variant"":""PT03""},{""large"":""https://m.media-amazon.com/images/I/311-UvcCJbL.jpg"",""variant"":""PT04""},{""large"":""https://m.media-amazon.com/images/I/41JsLGiO4gL.jpg"",""variant"":""PT05""}]",6,https://www.amazon.ca/dp/B07YM49H5W,B07YM49H5W,B07YM49H5W,SUCCESS,[],,https://vendorcentral.amazon.com/imaging/manage?asins=B07YM49H5W
"Discrepancy: 0 matches, 0 missing from Amazon, 6 extra on Amazon.",MAIN (31KpckO0FkL); PT01 (41o9GRmh3KL); PT02 (41m0gYtgI4L); PT03 (41G+Az3IqjL); PT04 (311-UvcCJbL); PT05 (41JsLGiO4gL),None,None,"[{""large"":""https://m.media-amazon.com/images/I/31KpckO0FkL.jpg"",""variant"":""MAIN""},{""large"":""https://m.media-amazon.com/images/I/41o9GRmh3KL.jpg"",""variant"":""PT01""},{""large"":""https://m.media-amazon.com/images/I/41m0gYtgI4L.jpg"",""variant"":""PT02""},{""large"":""https://m.media-amazon.com/images/I/41G+Az3IqjL.jpg"",""variant"":""PT03""},{""large"":""https://m.media-amazon.com/images/I/311-UvcCJbL.jpg"",""variant"":""PT04""},{""large"":""https://m.media-amazon.com/images/I/41JsLGiO4gL.jpg"",""variant"":""PT05""}]",6,https://www.amazon.ca/dp/B08CM4TBYT,B08CM4TBYT,B08CM4TBYT,SUCCESS,[],,https://vendorcentral.amazon.com/imaging/manage?asins=B08CM4TBYT
"Discrepancy: 5 matches, 1 missing from Amazon, 1 extra on Amazon.",MAIN (31f3aMqlZ6L),PT01 (41yGFZTu6fL); PT02 (41Kt78oWhPL); PT03 (41RQ4rZwbsL); PT04 (41s-MH-xrdL); PT05 (51ojp6JXWYL),MAIN (31giZvRGHbL),"[{""large"":""https://m.media-amazon.com/images/I/31f3aMqlZ6L.jpg"",""variant"":""MAIN""},{""large"":""https://m.media-amazon.com/images/I/41yGFZTu6fL.jpg"",""variant"":""PT01""},{""large"":""https://m.media-amazon.com/images/I/41Kt78oWhPL.jpg"",""variant"":""PT02""},{""large"":""https://m.media-amazon.com/images/I/41RQ4rZwbsL.jpg"",""variant"":""PT03""},{""large"":""https://m.media-amazon.com/images/I/41s-MH-xrdL.jpg"",""variant"":""PT04""},{""large"":""https://m.media-amazon.com/images/I/51ojp6JXWYL.jpg"",""variant"":""PT05""}]",6,https://www.amazon.ca/dp/B08LMCVM1S,B08LMCVM1S,B08LMCVM1S,SUCCESS,"[{""large"":""https://m.media-amazon.com/images/I/31giZvRGHbL.jpg"",""variant"":""MAIN""},{""large"":""https://m.media-amazon.com/images/I/41yGFZTu6fL.jpg"",""variant"":""PT01""},{""large"":""https://m.media-amazon.com/images/I/41Kt78oWhPL.jpg"",""variant"":""PT02""},{""large"":""https://m.media-amazon.com/images/I/41RQ4rZwbsL.jpg"",""variant"":""PT03""},{""large"":""https://m.media-amazon.com/images/I/41s-MH-xrdL.jpg"",""variant"":""PT04""},{""large"":""https://m.media-amazon.com/images/I/51ojp6JXWYL.jpg"",""variant"":""PT05""}]",6,https://vendorcentral.amazon.com/imaging/manage?asins=B08LMCVM1S
"Discrepancy: 5 matches, 1 missing from Amazon, 1 extra on Amazon.",MAIN (31Jisqqc+xL),PT01 (41yFnFF6eIL); PT02 (41Kt78oWhPL); PT03 (41RQ4rZwbsL); PT04 (41s-MH-xrdL); PT05 (51ojp6JXWYL),MAIN (31U9d31OrvL),"[{""large"":""https://m.media-amazon.com/images/I/31Jisqqc+xL.jpg"",""variant"":""MAIN""},{""large"":""https://m.media-amazon.com/images/I/41yFnFF6eIL.jpg"",""variant"":""PT01""},{""large"":""https://m.media-amazon.com/images/I/41Kt78oWhPL.jpg"",""variant"":""PT02""},{""large"":""https://m.media-amazon.com/images/I/41RQ4rZwbsL.jpg"",""variant"":""PT03""},{""large"":""https://m.media-amazon.com/images/I/41s-MH-xrdL.jpg"",""variant"":""PT04""},{""large"":""https://m.media-amazon.com/images/I/51ojp6JXWYL.jpg"",""variant"":""PT05""}]",6,https://www.amazon.ca/dp/B08LMDVK97,B08LMDVK97,B08LMDVK97,SUCCESS,"[{""large"":""https://m.media-amazon.com/images/I/31U9d31OrvL.jpg"",""variant"":""MAIN""},{""large"":""https://m.media-amazon.com/images/I/41yFnFF6eIL.jpg"",""variant"":""PT01""},{""large"":""https://m.media-amazon.com/images/I/41Kt78oWhPL.jpg"",""variant"":""PT02""},{""large"":""https://m.media-amazon.com/images/I/41RQ4rZwbsL.jpg"",""variant"":""PT03""},{""large"":""https://m.media-amazon.com/images/I/41s-MH-xrdL.jpg"",""variant"":""PT04""},{""large"":""https://m.media-amazon.com/images/I/51ojp6JXWYL.jpg"",""variant"":""PT05""}]",6,https://vendorcentral.amazon.com/imaging/manage?asins=B08LMDVK97
"Discrepancy: 0 matches, 0 missing from Amazon, 6 extra on Amazon.",MAIN (31fUrkI6wJL); PT01 (41CwCJhRAyL); PT02 (41jKLxdJbPL); PT03 (4123z7ENYLL); PT04 (41pH8jvnYbL); PT05 (51xjqHQ5WTL),None,None,"[{""large"":""https://m.media-amazon.com/images/I/31fUrkI6wJL.jpg"",""variant"":""MAIN""},{""large"":""https://m.media-amazon.com/images/I/41CwCJhRAyL.jpg"",""variant"":""PT01""},{""large"":""https://m.media-amazon.com/images/I/41jKLxdJbPL.jpg"",""variant"":""PT02""},{""large"":""https://m.media-amazon.com/images/I/4123z7ENYLL.jpg"",""variant"":""PT03""},{""large"":""https://m.media-amazon.com/images/I/41pH8jvnYbL.jpg"",""variant"":""PT04""},{""large"":""https://m.media-amazon.com/images/I/51xjqHQ5WTL.jpg"",""variant"":""PT05""}]",6,https://www.amazon.ca/dp/B08LP3S7N1,B08LP3S7N1,B08LP3S7N1,SUCCESS,[],,https://vendorcentral.amazon.com/imaging/manage?asins=B08LP3S7N1
"Discrepancy: 5 matches, 1 missing from Amazon, 1 extra on Amazon.",MAIN (31RAQPv2lQL),PT01 (41MkrHsNOhL); PT02 (41tc-WQ1GIL); PT03 (41eLGj8SYrL); PT04 (41yVbkBmrJL); PT05 (51GYMV84vDL),MAIN (41aK1+Y4VRL),"[{""large"":""https://m.media-amazon.com/images/I/31RAQPv2lQL.jpg"",""variant"":""MAIN""},{""large"":""https://m.media-amazon.com/images/I/41MkrHsNOhL.jpg"",""variant"":""PT01""},{""large"":""https://m.media-amazon.com/images/I/41tc-WQ1GIL.jpg"",""variant"":""PT02""},{""large"":""https://m.media-amazon.com/images/I/41eLGj8SYrL.jpg"",""variant"":""PT03""},{""large"":""https://m.media-amazon.com/images/I/41yVbkBmrJL.jpg"",""variant"":""PT04""},{""large"":""https://m.media-amazon.com/images/I/51GYMV84vDL.jpg"",""variant"":""PT05""}]",6,https://www.amazon.ca/dp/B08S7QYVN2,B08S7QYVN2,B08S7QYVN2,SUCCESS,"[{""large"":""https://m.media-amazon.com/images/I/41aK1+Y4VRL.jpg"",""variant"":""MAIN""},{""large"":""https://m.media-amazon.com/images/I/41MkrHsNOhL.jpg"",""variant"":""PT01""},{""large"":""https://m.media-amazon.com/images/I/41tc-WQ1GIL.jpg"",""variant"":""PT02""},{""large"":""https://m.media-amazon.com/images/I/41eLGj8SYrL.jpg"",""variant"":""PT03""},{""large"":""https://m.media-amazon.com/images/I/41yVbkBmrJL.jpg"",""variant"":""PT04""},{""large"":""https://m.media-amazon.com/images/I/51GYMV84vDL.jpg"",""variant"":""PT05""}]",6,https://vendorcentral.amazon.com/imaging/manage?asins=B08S7QYVN2
"Discrepancy: 5 matches, 1 missing from Amazon, 1 extra on Amazon.",MAIN (415XeTgokEL),PT01 (51Znyph5OEL); PT02 (41tc-WQ1GIL); PT03 (41eLGj8SYrL); PT04 (41zbFIAc2bL); PT05 (51GYMV84vDL),MAIN (41C2tOO3nuL),"[{""large"":""https://m.media-amazon.com/images/I/415XeTgokEL.jpg"",""variant"":""MAIN""},{""large"":""https://m.media-amazon.com/images/I/51Znyph5OEL.jpg"",""variant"":""PT01""},{""large"":""https://m.media-amazon.com/images/I/41tc-WQ1GIL.jpg"",""variant"":""PT02""},{""large"":""https://m.media-amazon.com/images/I/41eLGj8SYrL.jpg"",""variant"":""PT03""},{""large"":""https://m.media-amazon.com/images/I/41zbFIAc2bL.jpg"",""variant"":""PT04""},{""large"":""https://m.media-amazon.com/images/I/51GYMV84vDL.jpg"",""variant"":""PT05""}]",6,https://www.amazon.ca/dp/B08S7SNYCT,B08S7SNYCT,B08S7SNYCT,SUCCESS,"[{""large"":""https://m.media-amazon.com/images/I/41C2tOO3nuL.jpg"",""variant"":""MAIN""},{""large"":""https://m.media-amazon.com/images/I/51Znyph5OEL.jpg"",""variant"":""PT01""},{""large"":""https://m.media-amazon.com/images/I/41tc-WQ1GIL.jpg"",""variant"":""PT02""},{""large"":""https://m.media-amazon.com/images/I/41eLGj8SYrL.jpg"",""variant"":""PT03""},{""large"":""https://m.media-amazon.com/images/I/41zbFIAc2bL.jpg"",""variant"":""PT04""},{""large"":""https://m.media-amazon.com/images/I/51GYMV84vDL.jpg"",""variant"":""PT05""}]",6,https://vendorcentral.amazon.com/imaging/manage?asins=B08S7SNYCT
"Discrepancy: 0 matches, 0 missing from Amazon, 6 extra on Amazon.",MAIN (31MLjHLFH2L); PT01 (41qzRTjiM6L); PT02 (41Ets9wgDBL); PT03 (41ak-N2Xx3L); PT04 (41bTjp6bIpL); PT05 (510lNAFriqL),None,None,"[{""large"":""https://m.media-amazon.com/images/I/31MLjHLFH2L.jpg"",""variant"":""MAIN""},{""large"":""https://m.media-amazon.com/images/I/41qzRTjiM6L.jpg"",""variant"":""PT01""},{""large"":""https://m.media-amazon.com/images/I/41Ets9wgDBL.jpg"",""variant"":""PT02""},{""large"":""https://m.media-amazon.com/images/I/41ak-N2Xx3L.jpg"",""variant"":""PT03""},{""large"":""https://m.media-amazon.com/images/I/41bTjp6bIpL.jpg"",""variant"":""PT04""},{""large"":""https://m.media-amazon.com/images/I/510lNAFriqL.jpg"",""variant"":""PT05""}]",6,https://www.amazon.ca/dp/B09B2W3G14,B09B2W3G14,B09B2W3G14,SUCCESS,[],,https://vendorcentral.amazon.com/imaging/manage?asins=B09B2W3G14
"Discrepancy: 0 matches, 0 missing from Amazon, 6 extra on Amazon.",MAIN (31XA0y1sbVL); PT01 (41qzRTjiM6L); PT02 (41Ets9wgDBL); PT03 (41bwYVpR1fL); PT04 (41bTjp6bIpL); PT05 (51Lyz6km9-L),None,None,"[{""large"":""https://m.media-amazon.com/images/I/31XA0y1sbVL.jpg"",""variant"":""MAIN""},{""large"":""https://m.media-amazon.com/images/I/41qzRTjiM6L.jpg"",""variant"":""PT01""},{""large"":""https://m.media-amazon.com/images/I/41Ets9wgDBL.jpg"",""variant"":""PT02""},{""large"":""https://m.media-amazon.com/images/I/41bwYVpR1fL.jpg"",""variant"":""PT03""},{""large"":""https://m.media-amazon.com/images/I/41bTjp6bIpL.jpg"",""variant"":""PT04""},{""large"":""https://m.media-amazon.com/images/I/51Lyz6km9-L.jpg"",""variant"":""PT05""}]",6,https://www.amazon.ca/dp/B09B2WR66M,B09B2WR66M,B09B2WR66M,SUCCESS,[],,https://vendorcentral.amazon.com/imaging/manage?asins=B09B2WR66M
"Discrepancy: 0 matches, 0 missing from Amazon, 6 extra on Amazon.",MAIN (31ZheLsaUUL); PT01 (41qzRTjiM6L); PT02 (41Ets9wgDBL); PT03 (41umTNwNxpL); PT04 (41bTjp6bIpL); PT05 (510lNAFriqL),None,None,"[{""large"":""https://m.media-amazon.com/images/I/31ZheLsaUUL.jpg"",""variant"":""MAIN""},{""large"":""https://m.media-amazon.com/images/I/41qzRTjiM6L.jpg"",""variant"":""PT01""},{""large"":""https://m.media-amazon.com/images/I/41Ets9wgDBL.jpg"",""variant"":""PT02""},{""large"":""https://m.media-amazon.com/images/I/41umTNwNxpL.jpg"",""variant"":""PT03""},{""large"":""https://m.media-amazon.com/images/I/41bTjp6bIpL.jpg"",""variant"":""PT04""},{""large"":""https://m.media-amazon.com/images/I/510lNAFriqL.jpg"",""variant"":""PT05""}]",6,https://www.amazon.ca/dp/B09B2Y2G4K,B09B2Y2G4K,B09B2Y2G4K,SUCCESS,[],,https://vendorcentral.amazon.com/imaging/manage?asins=B09B2Y2G4K
Perfect Match: VC and PDP images are identical.,None,MAIN (41ccCK+kSdL); PT01 (41cw+idURzL); PT02 (41wrqM5Y7rL); PT03 (51KzDq2YI5L); PT04 (415qD2IvtDL); PT05 (51MeW-fTXHL),None,"[{""large"":""https://m.media-amazon.com/images/I/41ccCK+kSdL.jpg"",""variant"":""MAIN""},{""large"":""https://m.media-amazon.com/images/I/41cw+idURzL.jpg"",""variant"":""PT01""},{""large"":""https://m.media-amazon.com/images/I/41wrqM5Y7rL.jpg"",""variant"":""PT02""},{""large"":""https://m.media-amazon.com/images/I/51KzDq2YI5L.jpg"",""variant"":""PT03""},{""large"":""https://m.media-amazon.com/images/I/415qD2IvtDL.jpg"",""variant"":""PT04""},{""large"":""https://m.media-amazon.com/images/I/51MeW-fTXHL.jpg"",""variant"":""PT05""}]",6,https://www.amazon.ca/dp/B09DJ6CD2B,B09DJ6CD2B,B09DJ6CD2B,SUCCESS,"[{""large"":""https://m.media-amazon.com/images/I/41ccCK+kSdL.jpg"",""variant"":""MAIN""},{""large"":""https://m.media-amazon.com/images/I/41cw+idURzL.jpg"",""variant"":""PT01""},{""large"":""https://m.media-amazon.com/images/I/41wrqM5Y7rL.jpg"",""variant"":""PT02""},{""large"":""https://m.media-amazon.com/images/I/51KzDq2YI5L.jpg"",""variant"":""PT03""},{""large"":""https://m.media-amazon.com/images/I/415qD2IvtDL.jpg"",""variant"":""PT04""},{""large"":""https://m.media-amazon.com/images/I/51MeW-fTXHL.jpg"",""variant"":""PT05""}]",6,https://vendorcentral.amazon.com/imaging/manage?asins=B09DJ6CD2B
"Discrepancy: 5 matches, 1 missing from Amazon, 1 extra on Amazon.",MAIN (41UjPO20lPL),PT01 (41fgSUmBo6L); PT02 (51Io4pZfAOL); PT03 (51YJ7mZR9bL); PT04 (41s9Jxpa-xL); PT05 (51aACTyPU-L),MAIN (41tWZ-0zMfL),"[{""large"":""https://m.media-amazon.com/images/I/41UjPO20lPL.jpg"",""variant"":""MAIN""},{""large"":""https://m.media-amazon.com/images/I/41fgSUmBo6L.jpg"",""variant"":""PT01""},{""large"":""https://m.media-amazon.com/images/I/51Io4pZfAOL.jpg"",""variant"":""PT02""},{""large"":""https://m.media-amazon.com/images/I/51YJ7mZR9bL.jpg"",""variant"":""PT03""},{""large"":""https://m.media-amazon.com/images/I/41s9Jxpa-xL.jpg"",""variant"":""PT04""},{""large"":""https://m.media-amazon.com/images/I/51aACTyPU-L.jpg"",""variant"":""PT05""}]",6,https://www.amazon.ca/dp/B09DJBK648,B09DJBK648,B09DJBK648,SUCCESS,"[{""large"":""https://m.media-amazon.com/images/I/41tWZ-0zMfL.jpg"",""variant"":""MAIN""},{""large"":""https://m.media-amazon.com/images/I/41fgSUmBo6L.jpg"",""variant"":""PT01""},{""large"":""https://m.media-amazon.com/images/I/51Io4pZfAOL.jpg"",""variant"":""PT02""},{""large"":""https://m.media-amazon.com/images/I/51YJ7mZR9bL.jpg"",""variant"":""PT03""},{""large"":""https://m.media-amazon.com/images/I/41s9Jxpa-xL.jpg"",""variant"":""PT04""},{""large"":""https://m.media-amazon.com/images/I/51aACTyPU-L.jpg"",""variant"":""PT05""}]",6,https://vendorcentral.amazon.com/imaging/manage?asins=B09DJBK648
"Discrepancy: 5 matches, 1 missing from Amazon, 1 extra on Amazon.",MAIN (419d0CcIAgL),PT01 (41fgSUmBo6L); PT02 (51Io4pZfAOL); PT03 (51YJ7mZR9bL); PT04 (41s9Jxpa-xL); PT05 (51aACTyPU-L),MAIN (41ZBV5X3FZL),"[{""large"":""https://m.media-amazon.com/images/I/419d0CcIAgL.jpg"",""variant"":""MAIN""},{""large"":""https://m.media-amazon.com/images/I/41fgSUmBo6L.jpg"",""variant"":""PT01""},{""large"":""https://m.media-amazon.com/images/I/51Io4pZfAOL.jpg"",""variant"":""PT02""},{""large"":""https://m.media-amazon.com/images/I/51YJ7mZR9bL.jpg"",""variant"":""PT03""},{""large"":""https://m.media-amazon.com/images/I/41s9Jxpa-xL.jpg"",""variant"":""PT04""},{""large"":""https://m.media-amazon.com/images/I/51aACTyPU-L.jpg"",""variant"":""PT05""}]",6,https://www.amazon.ca/dp/B09DJGXWKW,B09DJGXWKW,B09DJGXWKW,SUCCESS,"[{""large"":""https://m.media-amazon.com/images/I/41ZBV5X3FZL.jpg"",""variant"":""MAIN""},{""large"":""https://m.media-amazon.com/images/I/41fgSUmBo6L.jpg"",""variant"":""PT01""},{""large"":""https://m.media-amazon.com/images/I/51Io4pZfAOL.jpg"",""variant"":""PT02""},{""large"":""https://m.media-amazon.com/images/I/51YJ7mZR9bL.jpg"",""variant"":""PT03""},{""large"":""https://m.media-amazon.com/images/I/41s9Jxpa-xL.jpg"",""variant"":""PT04""},{""large"":""https://m.media-amazon.com/images/I/51aACTyPU-L.jpg"",""variant"":""PT05""}]",6,https://vendorcentral.amazon.com/imaging/manage?asins=B09DJGXWKW
"Discrepancy: 1 matches, 5 missing from Amazon, 5 extra on Amazon.",PT01 (41vm3+PnwkL); PT02 (51sf5ePULzL); PT03 (5169v1-fh-L); PT04 (41Jw0DqfHEL); PT05 (41SIcuS4ToL),MAIN (41K+3OSwIsL),PT01 (41oGebfd3BL); PT02 (51wpMAt-lLL); PT03 (517GPjtGieL); PT04 (41LSv6JjpGL); PT05 (41QsadXhGPL),"[{""large"":""https://m.media-amazon.com/images/I/41K+3OSwIsL.jpg"",""variant"":""MAIN""},{""large"":""https://m.media-amazon.com/images/I/41vm3+PnwkL.jpg"",""variant"":""PT01""},{""large"":""https://m.media-amazon.com/images/I/51sf5ePULzL.jpg"",""variant"":""PT02""},{""large"":""https://m.media-amazon.com/images/I/5169v1-fh-L.jpg"",""variant"":""PT03""},{""large"":""https://m.media-amazon.com/images/I/41Jw0DqfHEL.jpg"",""variant"":""PT04""},{""large"":""https://m.media-amazon.com/images/I/41SIcuS4ToL.jpg"",""variant"":""PT05""}]",6,https://www.amazon.ca/dp/B0B5X8W94C,B0B5X8W94C,B0B5X8W94C,SUCCESS,"[{""large"":""https://m.media-amazon.com/images/I/41K+3OSwIsL.jpg"",""variant"":""MAIN""},{""large"":""https://m.media-amazon.com/images/I/41oGebfd3BL.jpg"",""variant"":""PT01""},{""large"":""https://m.media-amazon.com/images/I/51wpMAt-lLL.jpg"",""variant"":""PT02""},{""large"":""https://m.media-amazon.com/images/I/517GPjtGieL.jpg"",""variant"":""PT03""},{""large"":""https://m.media-amazon.com/images/I/41LSv6JjpGL.jpg"",""variant"":""PT04""},{""large"":""https://m.media-amazon.com/images/I/41QsadXhGPL.jpg"",""variant"":""PT05""}]",6,https://vendorcentral.amazon.com/imaging/manage?asins=B0B5X8W94C
"Discrepancy: 0 matches, 0 missing from Amazon, 6 extra on Amazon.",MAIN (41dpb2Jwq1L); PT01 (41KYjDeswyL); PT02 (41MNfAdDT2L); PT03 (31flnqij2GL); PT04 (41B4nl3feuL); PT05 (51giuh-y1OL),None,None,"[{""large"":""https://m.media-amazon.com/images/I/41dpb2Jwq1L.jpg"",""variant"":""MAIN""},{""large"":""https://m.media-amazon.com/images/I/41KYjDeswyL.jpg"",""variant"":""PT01""},{""large"":""https://m.media-amazon.com/images/I/41MNfAdDT2L.jpg"",""variant"":""PT02""},{""large"":""https://m.media-amazon.com/images/I/31flnqij2GL.jpg"",""variant"":""PT03""},{""large"":""https://m.media-amazon.com/images/I/41B4nl3feuL.jpg"",""variant"":""PT04""},{""large"":""https://m.media-amazon.com/images/I/51giuh-y1OL.jpg"",""variant"":""PT05""}]",6,https://www.amazon.ca/dp/B0BT8JKS7X,B0BT8JKS7X,B0BT8JKS7X,SUCCESS,[],,https://vendorcentral.amazon.com/imaging/manage?asins=B0BT8JKS7X
